,PV_capacities,Wind_Capacities
0,10.394195234876511,31.729529884519142
1,0.0,39.53813673837938
2,0.0,83.45481563861638
3,0.0,8.026810996585953
4,0.0,0.0
5,0.0,0.0
6,9.276339640003803,26.59423848142454
7,0.0,27.399987960794725
8,17.24702488897506,0.0
9,0.0,16.657001787111223
10,0.0,45.172299810036556
11,6.252927604206454,28.46941552824569
